<?xml version="1.0" encoding="utf-8"?>
<access component="com_easyjoomlabackup">
    <section name="component">
        <action name="core.admin" title="JACTION_ADMIN" description="JACTION_ADMIN_COMPONENT_DESC" />
        <action name="core.manage" title="JACTION_MANAGE" description="JACTION_MANAGE_COMPONENT_DESC" />
        <action name="core.delete" title="JACTION_DELETE" description="JACTION_DELETE_COMPONENT_DESC" />
        <action name="easyjoomlabackup.download" title="COM_EASYJOOMLABACKUP_PERMISSIONS_DOWNLOAD" description="COM_EASYJOOMLABACKUP_PERMISSIONS_DOWNLOADDESC" />
        <action name="easyjoomlabackup.fullbackup" title="COM_EASYJOOMLABACKUP_PERMISSIONS_FULLBACKUP" description="COM_EASYJOOMLABACKUP_PERMISSIONS_FULLBACKUPDESC" />
        <action name="easyjoomlabackup.databasebackup" title="COM_EASYJOOMLABACKUP_PERMISSIONS_DATABASEBACKUP" description="COM_EASYJOOMLABACKUP_PERMISSIONS_DATABASEBACKUPDESC" />
        <action name="easyjoomlabackup.filebackup" title="COM_EASYJOOMLABACKUP_PERMISSIONS_FILEBACKUP" description="COM_EASYJOOMLABACKUP_PERMISSIONS_FILEBACKUPDESC" />
        <action name="easyjoomlabackup.discover" title="COM_EASYJOOMLABACKUP_PERMISSIONS_DISCOVER" description="COM_EASYJOOMLABACKUP_PERMISSIONS_DISCOVERDESC" />
    </section>
</access>